Mouse,Power,Arcane,Draconic,Forgotten,Hydro,Parental,Physical,Shadow,Tactical,Law,Rift
Abominable Snow,2300,100,100,100,100,0,100,100,100,100,100
Absolute Acolyte,54000,0,0,0,0,0,0,0,0,0,2500
Acolyte,36464,25,0,175,0,0,0,25,0,0,0
Admiral Arrrgh,0,100,100,100,100,100,100,100,100,100,100
Aether,9800,0,0,0,0,0,125,0,275,0,0
Aged,9000,0,0,0,0,0,100,0,0,0,0
Agitated Gentle Giant,1000,10,10,10,10,0,10,10,10,10,100
Alchemist,2420,0,0,0,175,0,100,0,100,0,0
Alnilam,7808,0,0,0,0,0,0,0,175,0,0
Alnitak,7700,0,0,0,175,0,0,0,0,0,0
Alpha Weremouse,21000,100,0,0,0,0,0,150,0,0,0
Amplified Brown,750,10,10,10,10,0,10,10,10,10,100
Amplified Grey,750,10,10,10,10,0,10,10,10,10,100
Amplified White,750,10,10,10,10,0,10,10,10,10,100
Ancient of the Deep,37999,0,0,0,100,0,0,0,0,0,0
Ancient Scribe,16700,100,0,300,0,0,0,0,0,0,0
Angelfish,4960,0,0,0,100,0,0,0,0,0,0
Angler,8709,0,0,0,100,0,0,0,0,0,0
Angry Train Staff,3499,0,0,0,0,0,0,0,0,200,0
Aquos,4600,100,100,100,100,25,75,400,75,0,0
Arcane Summoner,22000,150,0,0,0,0,0,100,0,0,0
Arch Champion Necromancer,72000,0,0,0,0,0,0,0,0,0,900
Archer,4080,0,0,0,0,0,100,0,175,0,0
Armored Archer,2590,0,0,0,0,0,0,0,0,0,100
Artillery Commander,21065,100,0,0,50,0,50,0,50,0,0
Ascended Elder,375015,0,0,0,0,0,0,0,0,0,350
Ash Golem,13601,100,0,300,0,0,0,0,0,0,0
Assassin,13175,0,0,0,0,0,100,0,175,0,0
Assassin Beast,14999,10,10,10,10,0,10,10,10,10,100
Automated Sentry,950,10,10,10,10,0,10,10,10,10,100
Automated Stone Sentry,20250,100,0,300,0,0,0,0,0,0,0
Automorat,3751,0,0,0,0,0,0,0,0,200,0
Balack the Banished,72929,50,0,200,0,0,0,25,0,0,0
Bandit,100,25,25,25,25,25,200,25,100,100,0
Bark,5000,0,0,0,100,0,0,0,0,0,0
Barkshell,8000,0,0,0,100,0,0,0,0,0,0
Barmy Gunner,275,100,100,100,175,0,100,100,100,100,0
Barnacle Beautician,5400,0,0,0,100,0,0,0,0,0,0
Barracuda,8600,0,0,0,100,0,0,0,0,0,0
Bartender,4498,0,0,0,0,0,0,0,0,200,0
Bat,515,100,0,100,0,0,100,200,25,0,0
Battering Ram,59974,25,0,0,0,0,0,25,0,0,0
Battle Cleric,10851,100,0,300,0,0,0,0,0,0,0
Bear,700,100,0,0,100,0,100,100,175,100,0
Bearded Elder,7825,0,100,0,0,0,0,0,0,0,0
Beast Tamer,4210,0,0,0,0,0,0,0,175,0,0
Berserker,600,50,50,50,50,25,50,50,200,0,0
Berzerker,8250,0,0,0,0,0,0,0,0,0,175
Betta,4960,0,0,0,100,0,0,0,0,0,0
Big Bad Behemoth Burroughs,35002,10,10,10,10,0,10,10,10,10,100
Big Bad Burroughs,51151,100,0,0,0,0,100,100,100,0,0
Bilged Boatswain,250,100,100,100,175,0,100,100,100,100,0
Biohazard,12999,0,0,0,100,0,0,0,0,0,0
Bionic,602,100,0,100,100,0,100,100,100,100,0
Birthday,765,100,100,100,100,0,100,100,100,100,100
Bitter Root,6825,0,0,100,100,0,0,0,0,0,0
Black Diamond Racer,0,100,100,100,100,100,100,100,100,100,100
Black Mage,1550,100,100,100,100,25,75,400,75,0,0
Black Powder Thief,4999,0,0,0,0,0,0,0,0,200,0
Black Widow,4010,100,100,100,100,0,100,100,100,100,100
Blacksmith,27899,0,0,0,0,0,300,0,300,300,0
Bloomed Sylvan,1750,10,10,10,10,0,10,10,10,10,100
Bog Beast,4200,0,0,0,100,0,0,0,0,0,0
Bonbon Gummy Globlin,0,150,150,150,150,150,150,150,150,150,150
Bookborn,6100,0,0,0,0,0,125,0,200,0,0
Borean Commander,0,100,100,100,100,100,100,100,100,100,100
Bottled,3600,0,0,0,175,0,100,0,100,0,0
Bottom Feeder,3930,0,0,0,100,0,0,0,0,0,0
Boulder Biter,1500,10,10,10,10,0,10,10,10,10,100
Bounty Hunter,4200,0,0,0,0,0,0,0,0,200,0
Brawny,882,10,10,10,10,0,10,10,10,10,100
Breakdancer,0,100,100,100,100,100,100,100,100,100,100
Breeze Borrower,3500,100,100,0,0,0,0,100,0,0,0
Briegull,635,0,0,0,175,0,100,0,100,0,0
Brimstone,3200,150,0,125,0,0,0,200,0,0,0
Brown,3,100,100,100,100,0,100,100,100,100,100
Bruticle,16800,0,0,0,200,0,0,0,100,0,0
"Bruticus, the Blazing",58920,0,600,0,0,0,0,0,0,0,0
Buccaneer,4544,0,0,0,175,0,100,0,100,0,0
Buckethead,500,100,100,100,100,0,100,100,100,100,100
Builder,0,100,100,100,100,100,100,100,100,100,100
Bulwark of Ascent,818250,0,0,0,0,0,0,0,0,0,7500
Burglar,4015,100,100,100,100,0,100,100,100,125,100
Burly Bruiser,6300,0,100,0,0,0,0,0,0,0,0
Cabin Boy,100,100,100,100,175,0,100,100,100,100,0
Calalilly,6000,0,0,0,100,0,0,0,0,0,0
Calligraphy,888,100,100,100,100,0,100,100,100,100,100
Camoflower,9000,0,0,0,100,0,0,0,0,0,0
Camofusion,14500,0,0,0,100,0,0,0,0,0,0
Candy Cane,55,100,100,100,100,0,100,100,100,100,100
Candy Cat,0,100,100,100,100,100,100,100,100,100,100
Candy Goblin,0,100,100,100,100,100,100,100,100,100,100
Cannonball,3499,0,0,0,0,0,0,0,0,200,0
Captain,6885,0,0,0,175,0,100,0,100,0,0
Captain Cannonball,0,150,150,150,150,150,150,150,150,150,150
Captain Croissant,200,100,100,100,100,0,100,100,100,100,100
Caravan Guard,9000,0,0,0,50,0,50,0,50,0,0
Cardshark,6999,0,0,0,0,0,0,0,0,200,0
Carefree Cook,2200,100,100,100,100,0,100,100,100,100,100
Caretaker,2300,0,0,0,100,0,100,0,175,0,0
Carmine the Apothecary,9998,0,0,0,100,0,0,0,0,0,0
Carnivore,15099,0,0,0,100,0,0,0,0,0,0
Carrion Medium,8400,0,0,0,0,0,0,0,0,0,315
Cavalier,1270,50,50,50,50,25,50,50,200,0,0
Cavern Crumbler,3630,0,0,100,50,0,0,0,0,0,0
Centaur,5690,100,0,0,100,0,100,100,175,100,0
Centaur Ranger,7500,10,10,10,10,0,10,10,10,10,100
Chamber Cleaver,1400,0,0,0,0,0,0,0,0,0,100
Chameleon,635,100,0,0,100,0,100,100,175,100,0
Champion,15000,0,0,0,175,0,0,0,0,0,0
Champion Danseuse,72000,0,0,0,0,0,0,0,0,0,900
Champion Thief,72000,0,0,0,0,0,0,0,0,0,900
Charming Chimer,5100,150,50,0,0,0,0,100,0,0,0
Cheesy Party,0,100,100,100,100,100,100,100,100,100,100
Cherry,1500,100,0,0,100,0,100,100,175,100,0
Cherry Sprite,2000,10,10,10,10,0,10,10,10,10,100
Chess Master,88000,0,0,0,0,0,0,0,4000,0,0
Chip Chiseler,1260,0,0,0,0,0,0,100,0,0,0
Chipper,4500,0,0,0,100,0,0,0,0,0,0
Chitinous,21527,0,0,0,0,0,0,150,0,0,0
Chocolate Gold Foil,0,100,100,100,100,100,100,100,100,100,100
Chocolate Overload,200,100,100,100,100,0,100,100,100,100,100
Christmas Tree,460,100,100,100,100,0,100,100,100,100,100
Chrono,25450,25,0,175,0,0,0,25,0,0,0
Chronomaster,3000,0,0,0,0,0,0,0,0,0,300
Cinderstorm,9410,0,100,0,0,0,0,0,0,0,0
Circuit Judge,6999,0,0,0,0,0,0,0,0,200,0
City Noble,3810,0,0,0,100,0,0,0,0,0,0
City Worker,4240,0,0,0,100,0,0,0,0,0,0
Clockwork Samurai,50,25,25,25,25,25,100,25,100,0,0
Clockwork Timespinner,2300,0,0,0,0,0,0,0,0,0,100
Cloud Collector,2400,100,100,0,0,0,0,100,0,0,0
Clownfish,5110,0,0,0,100,0,0,0,0,0,0
Clump,1300,10,10,10,10,0,10,10,10,10,100
Clumsy Carrier,6559,0,0,0,100,0,0,0,0,0,0
Clumsy Chemist,233,100,0,100,100,0,100,100,100,100,0
Coal Shoveller,4498,0,0,0,0,0,0,0,0,200,0
Cobweb,1100,100,100,100,100,0,100,100,100,100,100
Coco Commander,2000,100,100,100,100,0,100,100,100,100,100
Coffin Zombie,1135,100,0,100,0,0,25,200,25,0,0
Confused Courier,580,100,100,100,100,0,100,100,100,100,100
Conjurer,8596,0,0,0,0,0,0,0,175,0,0
Conqueror,9448,0,0,0,0,0,0,0,175,0,0
Cook,2650,0,0,0,175,0,100,0,100,0,0
Coral,5400,0,0,0,100,0,0,0,0,0,0
Coral Cuddler,3930,0,0,0,100,0,0,0,0,0,0
Coral Dragon,7500,0,0,0,100,0,0,0,0,0,0
Coral Gardener,6741,0,0,0,100,0,0,0,0,0,0
Coral Guard,8709,0,0,0,100,0,0,0,0,0,0
Coral Harvester,6380,0,0,0,100,0,0,0,0,0,0
Coral Queen,11150,0,0,0,100,0,0,0,0,0,0
Core Sample,1000,100,0,0,0,0,100,100,100,0,0
Cork Defender,4550,0,100,0,0,0,0,0,0,0,0
Corkataur,18630,0,600,0,0,0,0,0,0,0,0
"Corky, the Collector",2595,0,100,0,0,0,0,0,0,0,0
Corridor Bruiser,17150,100,0,125,0,0,0,0,0,0,0
Corrupt,6351,100,0,0,0,0,0,0,0,0,0
Corrupt Commodore,300,100,100,100,175,0,100,100,100,100,0
Costumed Dog,0,100,100,100,100,100,100,100,100,100,100
Costumed Dragon,1200,100,100,100,100,0,100,100,100,100,100
Costumed Horse,1200,100,100,100,100,0,100,100,100,100,100
Costumed Monkey,0,100,100,100,100,100,100,100,100,100,100
Costumed Pig,0,100,100,100,100,100,100,100,100,100,100
Costumed Rabbit,1200,100,100,100,100,0,100,100,100,100,100
Costumed Rooster,0,100,100,100,100,100,100,100,100,100,100
Costumed Sheep,0,100,100,100,100,100,100,100,100,100,100
Costumed Snake,1200,100,100,100,100,0,100,100,100,100,100
Costumed Tiger,1200,100,100,100,100,0,100,100,100,100,100
Count Vampire,1000,10,10,10,10,0,10,10,10,10,100
Cowardly,4,100,100,100,100,0,100,100,100,100,100
Cowbell,570,50,50,50,50,25,50,50,200,0,0
Crabolia,4900,0,0,0,100,0,0,0,0,0,0
Crag Elder,4100,0,0,100,50,0,0,0,0,0,0
Craggy Ore,1200,100,100,100,100,0,100,100,100,100,100
Cranky Caterpillar,1500,10,10,10,10,0,10,10,10,10,100
Crate Camo,3751,0,0,0,0,0,0,0,0,200,0
Crazed Goblin,1500,10,10,10,10,0,10,10,10,10,100
Creepy Marionette,0,100,100,100,100,100,100,100,100,100,100
Crimson Commander,9299,125,125,0,125,0,125,0,125,0,0
Crimson Ranger,5999,0,0,0,75,0,100,0,75,0,0
Crimson Titan,6799,0,0,0,75,0,100,0,75,0,0
Crimson Watch,5600,0,0,0,75,0,100,0,75,0,0
Croquet Crusher,2945,0,0,0,0,0,0,0,0,100,0
Crown Collector,2647,100,100,100,100,0,100,100,100,100,100
Crystal Behemoth,43802,0,0,1000,0,0,0,0,0,0,0
Crystal Cave Worm,12526,0,0,200,0,0,0,0,0,0,0
Crystal Controller,10550,0,0,200,0,0,0,0,0,0,0
Crystal Golem,17399,0,0,200,0,0,0,0,0,0,0
Crystal Lurker,24100,0,0,200,0,0,0,0,0,0,0
Crystal Observer,28400,0,0,200,0,0,0,0,0,0,0
Crystal Queen,20500,0,0,200,0,0,0,0,0,0,0
Crystalback,10925,0,0,200,0,0,0,0,0,0,0
Crystalline Slasher,6575,0,0,100,50,0,0,0,0,0,0
Cupcake Camo,0,100,100,100,100,100,100,100,100,100,100
Cupcake Candle Thief,0,100,100,100,100,100,100,100,100,100,100
Cupcake Cutie,0,100,100,100,100,100,100,100,100,100,100
Cupcake Runner,0,100,100,100,100,100,100,100,100,100,100
Cupid,680,100,100,100,100,0,100,100,100,100,100
Curious Chemist,800,100,0,0,100,0,100,100,175,100,0
Cursed,4225,100,0,0,0,0,0,0,0,0,0
Cursed Crusader,21500,0,0,0,0,0,0,0,0,0,600
Cursed Enchanter,3500,100,0,0,0,0,0,0,0,0,0
Cursed Engineer,6499,100,0,0,0,0,0,0,0,0,0
Cursed Librarian,12499,100,0,0,0,0,0,0,0,0,0
Cursed Taskmaster,37003,150,0,0,0,0,0,100,0,0,0
Cursed Thief,8502,100,0,0,0,0,0,0,0,0,0
Cute Crate Carrier,3499,0,0,0,0,0,0,0,0,200,0
Cutpurse,6650,0,0,0,0,0,0,0,0,0,200
Cuttle,3990,0,0,0,100,0,0,0,0,0,0
Cyber Miner,1350,10,10,10,10,0,10,10,10,10,100
Cybernetic Specialist,880,10,10,10,10,0,10,10,10,10,100
Cyborg,1340,10,10,10,10,0,10,10,10,10,100
Cycloness,10800,150,50,0,0,0,0,100,0,0,0
Cyclops,1800,100,0,0,100,0,100,100,175,100,0
Cyclops Barbarian,7500,10,10,10,10,0,10,10,10,10,100
Dance Party,0,100,100,100,100,100,100,100,100,100,100
Dancer,1280,50,50,50,50,25,50,50,200,0,0
Dancing Assassin,46501,0,0,0,0,0,0,0,0,0,250
Dangerous Duo,4999,0,0,0,0,0,0,0,0,200,0
Dark Magi,40001,100,0,0,0,0,0,0,0,0,0
Dark Templar,28901,100,0,300,0,0,0,0,0,0,0
Dashing Buccaneer,225,100,100,100,175,0,100,100,100,100,0
Davy Jones,2000,150,0,125,0,0,0,200,0,0,0
Dawn Guardian,71999,1000,0,0,0,0,0,100,0,0,0
Decrepit Tentacle Terror,24251,100,0,300,0,0,0,300,0,0,0
Deep,94991,0,0,0,100,0,0,0,0,0,0
Deep Sea Diver,7500,0,0,0,100,0,0,0,0,0,0
Defender,12000,0,0,0,0,0,0,0,175,0,0
Dehydrated,2000,0,0,0,100,0,0,0,0,0,0
Demolitions,2300,100,0,0,0,0,100,100,100,0,0
Deranged Deckhand,11150,0,0,0,100,0,0,0,0,0,0
Derpicorn,998,0,0,0,0,0,200,0,125,0,0
Derpshark,11302,0,0,0,100,0,0,0,0,0,0
Derr Chieftain,16999,0,0,0,0,0,100,0,0,0,0
Derr Lich,20800,150,0,200,0,0,0,125,0,0,0
Desert Archer,4398,0,0,0,75,0,100,0,75,0,0
Desert Architect,11151,0,0,0,0,0,300,0,300,300,0
Desert Nomad,17201,0,0,0,0,0,300,0,300,300,0
Desert Soldier,4900,0,0,0,75,0,100,0,75,0,0
Desperado,6999,0,0,0,0,0,0,0,0,200,0
Destructoy,350,100,100,100,100,0,100,100,100,100,100
Diamond,765,100,100,100,100,0,100,100,100,100,100
Diamondhide,48748,0,0,200,0,0,0,0,0,0,0
Dinosuit,900,100,100,100,100,0,100,100,100,100,100
Dire Lycan,0,100,100,100,100,100,100,100,100,100,100
Dirt Thing,5925,0,0,100,50,0,0,0,0,0,0
Dojo Sensei,90001,0,0,0,0,0,100,0,175,0,0
Doktor,1150,10,10,10,10,0,10,10,10,10,100
Double Black Diamond Racer,0,100,100,100,100,100,100,100,100,100,100
Draconic Warden,13194,0,100,0,75,0,75,0,75,0,0
Dragon,74811,0,200,0,0,0,0,0,0,0,0
Dragoon,38400,0,400,0,0,0,0,0,0,0,0
Dread Knight,2450,0,0,0,0,0,0,0,0,0,100
Dread Pirate Mousert,6380,0,0,0,100,0,0,0,0,0,0
Dream Drifter,947,10,10,10,10,0,10,10,10,10,100
Drudge,7900,100,0,300,0,0,0,0,0,0,0
Drummer,1000,50,50,50,50,25,50,50,200,0,0
Dumpling Chef,2000,0,0,0,0,0,100,0,175,0,0
Dumpling Delivery,2305,0,0,0,0,0,0,0,0,0,100
Dunehopper,5000,0,0,0,0,0,0,100,0,0,0
Dwarf,200,100,100,100,100,0,100,100,100,100,100
Eagle Owl,2295,100,0,0,100,0,100,100,175,100,0
Eclipse,37399,1000,1000,100000,1000,25,1000,1000,1000,0,0
Eel,4960,0,0,0,100,0,0,0,0,0,0
Effervescent,13500,0,0,0,0,0,125,0,250,0,0
Egg Painter,900,100,100,100,100,0,100,100,100,100,100
Egg Scrambler,1250,100,100,100,100,0,100,100,100,100,100
Eggscavator,2200,100,100,100,100,0,100,100,100,100,100
Eggsplosive Scientist,2100,100,100,100,100,0,100,100,100,100,100
Eggsquisite Entertainer,0,100,100,100,100,100,100,100,100,100,100
El Flamenco,0,100,100,100,100,100,100,100,100,100,100
Elder,11001,0,0,0,175,0,0,0,0,0,0
Elf,765,100,100,100,100,0,100,100,100,100,100
Elite Guardian,5710,0,0,0,100,0,0,0,0,0,0
Elixir Maker,5050,0,0,0,0,0,0,0,0,0,100
Elub Chieftain,19000,0,0,0,175,0,0,0,0,0,0
Elub Lich,22000,150,0,200,0,0,0,125,0,0,0
Elven Princess,1270,100,0,0,100,0,100,100,175,100,0
Emberstone Scaled,18690,0,600,0,0,0,0,0,0,0,0
Enginseer,3930,0,0,0,100,0,0,0,0,0,0
Enlightened Labourer,2180,0,0,0,0,0,0,0,0,0,100
Enslaved Spirit,5732,150,0,125,0,0,0,200,0,0,0
Epoch Golem,1250,0,0,0,0,0,0,0,0,0,100
Escape Artist,50,25,25,25,25,25,200,25,100,100,0
Essence Collector,3275,100,0,0,0,0,0,0,0,0,0
Essence Guardian,3275,100,0,0,0,0,0,0,0,0,0
Ethereal Enchanter,2500,100,0,0,0,0,0,0,0,0,0
Ethereal Engineer,5500,100,0,0,0,0,0,0,0,0,0
Ethereal Guardian,10851,100,0,300,0,0,0,0,0,0,0
Ethereal Librarian,6499,100,0,0,0,0,0,0,0,0,0
Ethereal Thief,6499,100,0,0,0,0,0,0,0,0,0
Evil Scientist,1100,10,10,10,10,0,10,10,10,10,100
Excitable Electric,965,10,10,10,10,0,10,10,10,10,100
Exo-Tech,10851,100,0,300,0,0,0,0,0,0,0
Explorator,4700,0,0,0,0,0,175,0,150,0,0
Extreme Everysports,5000,100,100,100,100,0,100,100,100,100,100
Factory Technician,0,100,100,100,100,100,100,100,100,100,100
Fairy,5700,100,0,0,100,0,100,100,175,100,0
Fall Familiar,11500,0,0,0,0,0,0,200,100,0,0
Fallen Champion Footman,72000,0,0,0,0,0,0,0,0,0,900
Falling Carpet,12200,0,0,0,0,0,300,0,300,300,0
Farmhand,900,100,100,100,100,0,100,100,100,100,100
Farrier,4498,0,0,0,0,0,0,0,0,200,0
Fencer,225,50,50,50,50,25,50,50,200,0,0
Fetid Swamp,19499,0,0,0,0,0,0,150,0,0,0
Fiddler,2000,50,50,50,50,25,50,50,200,0,0
Field,5,100,100,100,100,0,100,100,100,100,100
Fiend,11000,125,125,125,400,25,75,125,75,0,0
Fiery Crusher,5095,0,0,0,0,0,0,100,0,0,0
Finder,3357,0,0,0,0,0,0,0,175,0,0
Firebreather,15401,0,0,0,0,0,0,0,150,0,0
Firefly,3691,0,0,0,0,0,0,0,150,0,0
Flame Archer,5200,0,0,0,75,0,100,0,75,0,0
Flame Ordnance,7900,100,0,0,50,0,50,0,50,0,0
Flame Warrior,5700,0,0,0,75,0,100,0,75,0,0
Floating Spore,9200,0,0,100,100,0,0,0,0,0,0
Flutterby,6248,0,0,0,0,0,125,0,200,0,0
Fluttering Flutist,8000,150,50,0,0,0,0,100,0,0,0
Flying,50,100,100,100,100,0,100,100,100,100,100
Fog,210,100,100,100,100,0,100,100,100,100,100
Force Fighter Blue,1000,100,100,100,100,0,100,100,100,100,100
Force Fighter Green,2000,100,100,100,100,0,100,100,100,100,100
Force Fighter Pink,1750,100,100,100,100,0,100,100,100,100,100
Force Fighter Red,1500,100,100,100,100,0,100,100,100,100,100
Force Fighter Yellow,1250,100,100,100,100,0,100,100,100,100,100
Forever Alone,900,100,100,100,100,0,100,100,100,100,100
Foxy,1650,100,0,0,100,0,100,100,175,100,0
Free Skiing,0,100,100,100,100,100,100,100,100,100,100
Frightened Flying Fireworks,0,100,100,100,100,100,100,100,100,100,100
Frigid Foreman,0,100,100,100,100,100,100,100,100,100,100
Frog,590,100,0,0,100,0,100,100,175,100,0
Frostbite,14399,0,0,0,200,0,0,0,100,0,0
Frostlance Guard,6500,0,0,0,100,0,0,0,0,0,0
Frostwing Commander,15251,0,0,0,100,0,0,0,0,0,0
Frosty Snow,575,100,100,100,100,0,100,100,100,100,100
Frozen,100,100,100,100,100,0,100,100,100,100,100
Fuel,3253,0,0,0,0,0,0,0,0,200,0
"Ful'Mina, The Mountain Queen",78003,0,900,0,0,0,0,0,0,0,0
Fungal Frog,1250,10,10,10,10,0,10,10,10,10,100
Fungal Spore,11499,0,0,0,100,0,0,0,0,0,0
Fungal Technomorph,28901,100,0,300,0,0,0,0,0,0,0
Funglore,8525,0,0,100,100,0,0,0,0,0,0
Fuzzy Drake,3175,0,100,0,0,0,0,0,0,0,0
Gargantuamouse,93997,50,50000,0,25,0,25,0,25,0,0
Gargoyle,5010,200,0,100,0,0,0,100,0,0,0
Gate Guardian,7600,200,0,100,0,0,0,100,0,0,0
Gelatinous Octahedron,5000,0,0,0,100,0,0,0,0,0,0
Gemorpher,8501,0,0,200,0,0,0,0,0,0,0
Gemstone Worshipper,3340,0,0,100,50,0,0,0,0,0,0
General Drheller,23501,0,0,0,100,0,0,0,0,0,0
Gentleman Caller,0,100,100,100,100,100,100,100,100,100,100
Ghost,2200,100,0,100,0,0,25,200,25,0,0
Ghost Pirate Queen,0,150,150,150,150,150,150,150,150,150,150
Giant Snail,1515,100,0,100,0,0,25,200,25,0,0
Gilded Leaf,1400,10,10,10,10,0,10,10,10,10,100
Gingerbread,450,100,100,100,100,0,100,100,100,100,100
Glacia Ice Fist,0,100,100,100,100,100,100,100,100,100,100
Gladiator,12998,0,0,0,0,0,100,0,0,0,0
Glass Blower,27899,0,0,0,0,0,300,0,300,300,0
Glazy,0,100,100,100,100,100,100,100,100,100,100
Glitchpaw,785,100,100,100,100,100,100,100,100,100,100
Gluttonous Zombie,820,100,0,100,0,0,25,200,25,0,0
Goblin,2290,100,0,0,100,0,100,175,100,0,0
Gold,720,100,100,100,100,0,100,100,100,100,100
Goldleaf,2100,100,0,0,100,0,100,100,175,100,0
Golem,6885,200,0,100,0,0,0,100,0,0,0
Goliath Field,11175,10,10,10,10,0,10,10,10,10,100
Gorgon,9500,200,0,100,0,0,0,100,0,0,0
Gourd Ghoul,0,100,100,100,100,100,100,100,100,100,100
Gourdborg,2300,100,0,100,0,0,100,100,0,100,100
Grampa Golem,2815,0,0,0,0,0,0,100,0,0,0
Grand Master of the Dojo,330997,0,0,0,0,0,0,0,0,0,200
Grandfather,10002,0,0,0,0,0,0,0,175,0,0
Granite,635,100,100,100,100,0,100,100,100,100,100
Granny Spice,4625,100,0,0,0,0,0,0,0,0,0
Grave Robber,2222,100,100,100,100,0,100,100,100,125,125
Great Winter Hunt Impostor,0,100,100,100,100,100,100,100,100,100,100
Greedy Al,2300,100,100,100,100,0,100,100,100,100,100
Grey,2,100,100,100,100,0,100,100,100,100,100
Grey Recluse,0,100,100,100,100,100,100,100,100,100,100
Greyrun,913,10,10,10,10,0,10,10,10,10,100
Grizzled Silth,2000,10,10,10,10,0,10,10,10,10,100
Grubling,1200,0,0,0,0,0,0,100,0,0,0
Grubling Herder,4000,0,0,0,0,0,0,100,0,0,0
Grunt,3850,0,0,0,0,0,100,0,0,0,0
Guardian,11001,0,0,0,0,0,100,0,0,0,0
Guppy,4900,0,0,0,100,0,0,0,0,0,0
Guqin Player,4000,50,50,50,50,25,50,50,200,0,0
Hapless,570,0,0,0,0,0,100,0,175,0,0
Hapless Marionette,2,25,25,25,25,25,100,25,100,0,0
Harbinger of Death,4590,0,0,0,0,0,0,0,0,0,216
Hardboiled,2500,100,100,100,100,0,100,100,100,100,100
Hardworking Hauler,2780,50,0,0,0,0,0,50,0,200,0
Hare Razer,2600,100,100,100,100,0,100,100,100,100,100
Harpy,14500,100,0,0,100,0,100,175,100,0,0
Harvest Harrier,10867,0,0,0,0,0,0,200,100,0,0
Harvester,20700,0,0,0,0,0,0,200,100,0,0
Hazmat,5799,0,0,0,100,0,0,0,0,0,0
Healer,3056,0,0,0,100,0,100,0,100,0,0
Heart of the Meteor,1500000,1000,0,0,0,0,0,100,0,0,0
Heavy Blaster,5000,0,0,0,100,0,0,0,0,0,0
High Roller,16320,100,100,100,100,0,100,100,100,100,100
Hired Eidolon,11900,100,0,300,0,0,0,0,0,0,0
Hoarder,0,100,100,100,100,100,100,100,100,100,100
Hollowed,0,100,100,100,100,0,100,100,100,100,200
Hollowed Minion,0,100,100,100,100,0,100,100,100,100,200
Hollowhead,740,100,100,100,100,0,100,100,100,100,100
Homeopathic Apothecary,1300,100,100,0,0,0,0,100,0,0,0
Hookshot,4250,0,0,0,0,0,0,0,0,200,0
Hope,10,100,100,100,100,0,100,100,100,100,100
Horned Cork Hoarder,8565,0,100,0,0,0,0,0,0,0,0
Hot Head,2300,0,0,0,0,0,0,0,150,0,0
Huntereater,12551,0,0,200,0,0,0,0,0,0,0
Hurdle,4000,100,100,100,100,0,100,100,100,100,100
Hydra,14000,0,0,0,175,0,100,0,100,0,0
Hydrologist,4970,0,0,0,100,0,0,0,0,0,0
Hydrophobe,1995,0,0,0,0,0,200,0,125,0,0
Hypnotized Gunslinger,20000,150,0,0,0,0,0,100,0,0,0
Iceberg Sculptor,0,100,100,100,100,100,100,100,100,100,100
Iceblade,7699,0,0,0,100,0,0,0,0,0,0
Iceblock,5400,0,0,0,100,0,0,0,0,0,0
Icebreaker,5000,0,0,0,100,0,0,0,0,0,0
Icewing,25002,0,0,0,100,0,0,0,0,0,0
Icicle,11340,0,0,0,200,0,0,0,100,0,0
Ignatia,9400,0,100,0,0,0,0,0,0,0,0
Ignis,2300,100,100,100,100,25,75,400,75,0,0
Impersonator,5,25,25,25,25,25,200,25,100,100,0
Incompetent Ice Climber,5000,0,0,0,100,0,0,0,0,0,0
Industrious Digger,1150,100,0,0,0,0,100,100,100,0,0
"Inferna, The Engulfed",36738,520,0,0,0,0,0,0,0,0,0
Inferno Mage,4800,0,0,0,100,0,75,0,75,0,0
Infiltrator,12500,0,0,0,0,0,125,0,250,0,0
Itty Bitty Rifty Burroughs,1250,10,10,10,10,0,10,10,10,10,100
Itty-Bitty Burroughs,8250,100,0,0,0,0,100,100,100,0,0
Jellyfish,4300,0,0,0,100,0,0,0,0,0,0
Joy,0,100,100,100,100,100,100,100,100,100,100
Juliyes,2999,100,100,100,100,0,100,100,100,100,100
Jurassic,21000,0,0,0,0,0,0,150,0,0,0
Kalor'ignis of the Geyser,39760,0,600,0,0,0,0,0,0,0,0
Karmachameleon,1500,10,10,10,10,0,10,10,10,10,100
Keeper,3485,200,0,100,0,0,0,100,0,0,0
Keeper's Assistant,3300,200,0,100,0,0,0,100,0,0,0
King Grub,499995,0,0,0,0,0,0,100,0,0,0
King Scarab,999989,0,0,0,0,0,0,100,0,0,0
Knight,700,50,50,50,50,25,50,50,200,0,0
Koimaid,2240,0,0,0,100,0,0,0,0,0,0
Kung Fu,5695,0,0,0,0,0,100,0,175,0,0
Lab Technician,1800,0,0,0,100,0,0,0,0,0,0
Lady Coldsnap,18502,0,0,0,100,0,0,0,0,0,0
Lambent,1350,10,10,10,10,0,10,10,10,10,100
Lambent Crystal,8000,100,0,0,0,0,100,100,100,0,0
Lasso Cowgirl,4001,0,0,0,0,0,0,0,0,200,0
Leprechaun,27200,100,100,100,100,0,100,100,100,100,100
Leviathan,13706,0,0,0,175,0,100,0,100,0,0
Lich,20700,200,0,100,0,0,0,100,0,0,0
Lightning Rod,4,100,100,100,100,0,100,100,100,100,100
Limestone Miner,25101,0,0,0,0,0,300,0,300,300,0
Living Ice,2000,0,0,0,100,0,0,0,0,0,0
Living Salt,3000,0,0,0,100,0,0,0,0,0,0
Lockpick,10,25,25,25,25,25,200,25,100,100,0
Longtail,785,100,100,100,100,0,100,100,100,100,100
Lord Splodington,12000,0,0,0,100,0,0,0,0,0,0
Lost,6425,100,0,125,0,0,0,0,0,0,0
Lost Legionnaire,5300,100,0,125,0,0,0,0,0,0,0
Lovely Sports,650,100,100,100,100,0,100,100,100,100,100
Lucky,250,100,100,100,100,0,100,100,100,100,100
Lumahead,8275,0,0,100,100,0,0,0,0,0,0
Lumberjack,26000,0,0,0,0,0,300,0,300,300,0
Lumi-lancer,23000,0,0,0,0,0,0,0,0,0,175
Lunar Red Candle Maker,0,100,100,100,100,100,100,100,100,100,100
Lycan,8765,100,0,100,0,0,25,200,25,0,0
Lycanoid,1100,10,10,10,10,0,10,10,10,10,100
M400,24599,0,0,0,0,0,75,0,75,0,0
Mad Elf,2300,100,75,75,75,0,75,75,75,75,75
Mage Weaver,29999,0,0,0,0,0,300,0,300,300,0
Magic,300,100,100,100,100,0,100,100,100,100,100
Magic Champion,72000,0,0,0,0,0,0,0,0,0,900
Magma Carrier,22052,0,0,0,0,0,0,150,0,0,0
Magmarage,5500,0,0,0,100,0,75,0,75,0,0
Magmatic Crystal Thief,5499,0,0,0,0,0,0,0,0,200,0
Magmatic Golem,6000,0,0,0,0,0,0,0,0,200,0
Maize Harvester,0,150,150,150,150,150,150,150,150,150,150
Mammoth,7000,0,0,0,100,0,0,0,0,0,0
Manaforge Smith,18501,100,0,5000,0,0,0,0,0,0,0
Manatee,3990,0,0,0,100,0,0,0,0,0,0
Market Guard,42803,0,0,0,0,0,300,0,300,300,0
Market Thief,42900,0,0,0,0,0,300,0,300,400,0
Martial,8800,0,0,0,0,0,0,0,0,0,300
Masked Pikeman,13601,100,0,300,0,0,0,0,0,0,0
Master Burglar,4818,100,100,100,100,0,100,100,100,125,100
Master Exploder,1450,10,10,10,10,0,10,10,10,10,100
Master of the Cheese Belt,13386,0,0,0,0,0,100,0,175,0,0
Master of the Cheese Claw,13386,0,0,0,0,0,100,0,175,0,0
Master of the Cheese Fang,13386,0,0,0,0,0,100,0,175,0,0
Master of the Chi Belt,69000,0,0,0,0,0,0,0,0,0,300
Master of the Chi Claw,69000,0,0,0,0,0,0,0,0,0,300
Master of the Chi Fang,69000,0,0,0,0,0,0,0,0,0,300
Master of the Dojo,27411,0,0,0,0,0,100,0,175,0,0
Matron of Machinery,16700,100,0,300,0,0,0,0,0,0,0
Matron of Wealth,15400,100,0,300,0,0,0,0,0,0,0
Mecha Tail,1500,10,10,10,10,0,10,10,10,10,100
Medicine,1250,10,10,10,10,0,10,10,10,10,100
Menace of the Rift,5003,10,10,10,10,0,10,10,10,10,100
Mermouse,3300,0,0,0,175,0,100,0,100,0,0
Mermousette,6380,0,0,0,100,0,0,0,0,0,0
Mershark,7500,0,0,0,100,0,0,0,0,0,0
Meteorite Golem,42000,150,0,0,0,0,0,100,0,0,0
Meteorite Miner,5100,50,0,0,0,0,0,50,0,200,0
Meteorite Mover,10999,50,0,0,0,0,0,50,0,200,0
Meteorite Mystic,54003,150,0,0,0,0,0,100,0,0,0
Meteorite Snacker,2650,50,0,0,0,0,0,50,0,200,0
Micro,866,10,10,10,10,0,10,10,10,10,100
Mighty Mole,1000,10,10,10,10,0,10,10,10,10,100
Mild Spicekin,5725,0,100,0,0,0,0,0,0,0,0
Militant Samurai,18000,0,0,0,0,0,0,0,0,0,200
Mimic,18051,100,0,300,0,0,0,0,0,0,0
Mind Tearer,20250,100,0,300,0,0,0,0,0,0,0
Miner,3442,100,0,0,0,0,100,100,100,0,0
Mining Materials Manager,3250,50,0,0,0,0,0,50,0,200,0
Mintaka,6684,0,0,0,0,0,100,0,0,0,0
Mischievous Meteorite Miner,3900,50,0,0,0,0,0,50,0,200,0
Mischievous Wereminer,21000,100,0,0,0,0,0,150,0,0,0
Miser,0,100,100,100,100,100,100,100,100,100,100
Missile Toe,1750,100,100,100,100,0,100,100,100,100,100
Mlounder Flounder,3710,0,0,0,100,0,0,0,0,0,0
Mobster,20400,100,100,100,100,0,100,100,100,100,100
Mole,300,100,0,0,0,0,100,100,100,0,0
Molten Midas,491997,100,0,5000,0,0,0,0,0,0,0
Monarch,2530,0,0,0,0,0,0,0,150,0,0
Monk,6630,0,0,0,0,0,100,0,175,0,0
Monsoon Maker,9500,100,50,0,0,0,0,150,0,0,0
Monster,8240,100,0,100,100,0,500,500,100,100,0
Monster of the Meteor,87996,1000,0,0,0,0,0,100,0,0,0
Monster Tail,3750,0,0,0,100,0,0,0,0,0,0
Monstrous Abomination,24998,10,10,10,10,0,10,10,10,10,100
Monstrous Black Widow,9450,0,0,0,0,0,0,0,0,0,210
Moosker,45,100,0,0,100,0,100,100,175,100,0
Mossy Moosker,2000,10,10,10,10,0,10,10,10,10,100
Mouldy Mole,5560,0,0,100,100,0,0,0,0,0,0
Mountain,1900,100,100,100,100,0,100,100,100,100,100
Mousataur Priestess,0,100,100,100,100,100,100,100,100,100,100
Mouse of Elements,16000,0,0,0,0,0,0,0,0,0,500
Mouse of Winter Future,3000,100,100,100,100,0,100,100,100,100,100
Mouse of Winter Past,4500,100,100,100,100,0,100,100,100,100,100
Mouse of Winter Present,2300,100,100,100,100,0,100,100,100,100,100
Mouse With No Name,4999,0,0,0,0,0,0,0,0,200,0
Mousevina von Vermin,18300,100,0,100,0,0,25,2500,25,0,0
Moussile,700,100,100,100,100,0,100,100,100,100,100
Mummy,3860,100,0,100,0,0,25,200,25,0,0
Mush,7290,0,0,100,100,0,0,0,0,0,0
Mush Monster,13601,275,0,300,0,0,0,0,0,0,0
Mushroom Harvester,10851,275,0,300,0,0,0,0,0,0,0
Mushroom Sprite,8800,0,0,100,100,0,0,0,0,0,0
Mutant Mongrel,17499,0,0,0,100,0,0,0,0,0,0
Mutant Ninja,11003,0,0,0,100,0,0,0,0,0,0
Mutated Behemoth,25000,0,0,0,100,0,0,0,0,0,0
Mutated Brown,465,100,0,100,100,0,100,100,100,100,0
Mutated Grey,192,100,0,100,100,0,100,100,100,100,0
Mutated Mole,5000,100,0,100,100,0,100,100,100,100,0
Mutated Siblings,3500,0,0,0,100,0,0,0,0,0,0
Mutated White,138,100,0,100,100,0,100,100,100,100,0
Mysterious Traveller,3253,0,0,0,0,0,0,0,0,200,0
Mystic,4075,0,0,0,175,0,0,0,0,0,0
Mystic Bishop,10800,0,0,0,0,0,0,0,100,0,0
Mystic Guardian,40602,100,0,300,0,0,0,0,0,0,0
Mystic Herald,20250,100,0,300,0,0,0,0,0,0,0
Mystic King,38398,0,0,0,0,0,0,0,4000,0,0
Mystic Knight,8596,0,0,0,0,0,0,0,100,0,0
Mystic Pawn,1800,0,0,0,0,0,0,0,100,0,0
Mystic Queen,22004,0,0,0,0,0,0,0,100,0,0
Mystic Rook,18620,0,0,0,0,0,0,0,100,0,0
Mystic Scholar,28901,100,0,300,0,0,0,0,0,0,0
Nachore Golem,2235,0,0,0,0,0,0,100,0,0,0
"Nachous, The Molten",27742,0,0,0,0,0,0,520,0,0,0
Narrator,1900,0,0,0,100,0,100,0,175,0,0
Naturalist,2000,10,10,10,10,0,10,10,10,10,100
Naughty Nougat,0,100,100,100,100,100,100,100,100,100,100
Necromancer,2000,125,125,125,400,25,75,125,75,0,0
Nerg Chieftain,18000,0,0,0,0,0,0,0,175,0,0
Nerg Lich,20900,150,0,200,0,0,0,125,0,0,0
New Year's,770,100,100,100,100,0,100,100,100,100,100
Nibbler,785,100,100,100,100,0,100,100,100,100,100
Nice Knitting,0,100,100,100,100,100,100,100,100,100,100
Night Shift Materials Manager,16800,100,0,0,0,0,0,150,0,0,0
Night Watcher,29502,150,0,0,0,0,0,100,0,0,0
Nightfire,103992,150,0,0,0,0,0,100,0,0,0
Nightmancer,64021,100,0,0,0,0,0,150,0,0,0
Nightshade Flower Girl,2800,100,100,0,0,0,0,100,0,0,0
Nightshade Fungalmancer,15400,275,0,300,0,0,0,0,0,0,0
Nightshade Maiden,1600,100,100,0,0,0,0,100,0,0,0
Nightshade Masquerade,3800,0,0,100,100,0,0,0,0,0,0
Nightshade Nanny,16700,275,0,300,0,0,0,0,0,0,0
Ninja,1275,0,0,0,0,0,100,0,175,0,0
Nitro Racer,0,100,100,100,100,100,100,100,100,100,100
Nomad,13175,100,0,0,100,0,100,100,175,100,0
Nomadic Warrior,2500,10,10,10,10,0,10,10,10,10,100
Nugget,900,100,0,0,0,0,100,100,100,0,0
Nutcracker,1200,100,100,100,100,0,100,100,100,100,100
Octomermaid,6741,0,0,0,100,0,0,0,0,0,0
Old One,9850,0,0,0,100,0,0,0,0,0,0
Old Spice Collector,3800,100,0,0,0,0,0,0,0,0,0
One-Mouse Band,11750,0,0,0,0,0,0,0,0,0,400
Onion Chopper,2200,100,100,100,100,0,100,100,100,100,100
Ooze,5205,200,0,100,0,0,0,100,0,0,0
Ore Chipper,1720,0,0,0,0,0,0,100,0,0,0
Ornament,1200,100,100,100,100,0,100,100,100,100,100
Outbreak Assassin,17250,0,0,0,100,0,0,0,0,0,0
Outlaw,6999,0,0,0,0,0,0,0,0,200,0
Over-Prepared,2280,0,0,0,200,0,0,0,100,0,0
Oxygen Baron,7500,0,0,0,100,0,0,0,0,0,0
Pack,3373,0,0,0,175,0,0,0,0,0,0
Page,275,50,50,50,50,25,50,50,200,0,0
Paladin,7700,300,200,200,200,25,75,200,75,0,0
Paladin Weapon Master,18501,100,0,5000,0,0,0,0,0,0,0
Pan Slammer,2500,100,100,100,100,0,100,100,100,100,100
Para Para Dancer,0,100,100,100,100,100,100,100,100,100,100
Parlour Player,4498,0,0,0,0,0,0,0,0,200,0
Party Head,600,100,100,100,100,0,100,100,100,100,100
Passenger,3000,0,0,0,0,0,0,0,0,200,0
Pathfinder,2090,0,0,0,100,0,100,0,175,0,0
Pearl,5720,0,0,0,100,0,0,0,0,0,0
Pearl Diver,4960,0,0,0,100,0,0,0,0,0,0
Pebble,6,100,100,100,100,0,100,100,100,100,100
Penguin,2508,0,0,0,200,0,0,0,100,0,0
Phalanx,800,50,50,50,50,25,50,50,200,0,0
Phase Zombie,975,10,10,10,10,0,10,10,10,10,100
Photographer,2752,0,0,0,0,0,0,0,0,200,0
Pie Thief,8600,0,0,0,0,0,300,0,300,400,0
Pinchy,635,0,0,0,175,0,100,0,100,0,0
Pintail,600,100,100,100,100,0,100,100,100,100,100
Pirate,1275,100,100,100,175,0,100,100,100,100,0
Pirate Anchor,6741,0,0,0,100,0,0,0,0,0,0
Plague Hag,8801,0,0,0,100,0,0,0,0,0,0
Plutonium Tentacle,14999,10,10,10,10,0,10,10,10,10,100
Pneumatic Dirt Displacement,1200,10,10,10,10,0,10,10,10,10,100
Pocketwatch,5001,0,0,0,0,0,175,0,150,0,0
Polar Bear,5200,0,0,0,100,0,0,0,0,0,0
Portable Generator,1000,10,10,10,10,0,10,10,10,10,100
Portal Paladin,8000,0,0,0,0,0,0,0,0,0,100
Portal Plunderer,1650,0,0,0,0,0,0,0,0,0,100
Portal Pursuer,5000,0,0,0,0,0,0,0,0,0,50
Possessed Armaments,38000,0,0,0,0,0,0,0,0,0,1000
Praetorian Champion,72000,0,0,0,0,0,0,0,0,0,900
Present,90,100,100,100,100,0,100,100,100,100,100
Prestigious Adventurer,150000,0,0,0,0,0,0,0,0,0,2500
Primal,19007,0,0,0,0,0,0,150,0,0,0
Princess Fist,15501,0,0,0,100,0,0,0,0,0,0
Prospector,3498,0,0,0,0,0,0,0,0,200,0
Protector,12999,0,0,0,175,0,0,0,0,0,0
Prototype,950,10,10,10,10,0,10,10,10,10,100
Puddlemancer,9925,0,0,0,0,0,200,0,125,0,0
Puffer,3990,0,0,0,100,0,0,0,0,0,0
Pugilist,700,100,100,100,100,0,100,100,100,100,100
Pump Raider,1915,0,0,0,0,0,0,0,0,100,0
Pumpkin Head,2400,0,0,0,0,0,0,200,100,0,0
Pumpkin Hoarder,1600,100,100,100,100,0,100,100,100,100,100
Puppet Champion,72000,0,0,0,0,0,0,0,0,0,900
Puppet Master,100,25,25,25,25,25,100,25,100,0,0
Puppetto,2900,0,0,0,0,0,0,0,0,0,100
Pygmy Wrangler,3600,0,0,0,0,0,0,150,0,0,0
Pyrehyde,13700,0,100,0,0,0,0,0,0,0,0
Pyrite,1300,0,0,0,0,0,0,0,0,200,0
Queen Quesada,43680,0,0,0,0,0,0,0,0,520,0
Queso Extractor,4310,0,0,0,0,0,0,0,0,100,0
Quesodillo,5000,0,0,0,0,0,0,100,0,0,0
Quillback,8000,0,0,100,100,0,0,0,0,0,0
Radioactive Ooze,1601,10,10,10,10,0,10,10,10,10,100
Rain Collector,2400,100,50,0,0,0,0,150,0,0,0
Rain Summoner,7000,100,50,0,0,0,0,150,0,0,0
Rain Wallower,3800,100,50,0,0,0,0,150,0,0,0
Rainbow Racer,0,100,100,100,100,100,100,100,100,100,100
Rainmancer,18500,100,50,0,0,0,0,150,0,0,0
Rainwater Purifier,3500,100,100,0,0,0,0,100,0,0,0
Rambunctious Rain Rumbler,13700,0,100,0,0,0,0,0,0,0,0
Rancid Bog Beast,2199,10,10,10,10,0,10,10,10,10,100
Ravenous Zombie,2385,100,0,100,0,0,25,200,25,0,0
Raw Diamond,1525,10,10,10,10,0,10,10,10,10,100
Reality Restitch,0,100,100,100,100,100,100,100,100,100,100
Realm Ripper,3200,400,0,100,0,0,0,100,0,0,0
Reanimated Carver,14651,100,0,125,0,0,0,0,0,0,0
Reaper,11400,200,0,100,0,0,0,100,0,0,0
Record Keeper,2300,0,0,0,0,0,0,0,0,0,100
Record Keeper's Assistant,1650,0,0,0,0,0,0,0,0,0,100
Red Coat Bear,1750,10,10,10,10,0,10,10,10,10,100
Red Envelope,888,100,100,100,100,0,100,100,100,100,100
Red-Eyed Watcher Owl,2000,10,10,10,10,0,10,10,10,10,100
Reinbo,750,100,100,100,100,0,100,100,100,100,100
Relic Hunter,1250,100,100,100,100,0,100,100,100,100,100
Renegade,8085,0,0,0,0,0,100,0,0,0,0
Retired Minotaur,1824975,100,0,5000,0,0,0,0,0,0,0
Reveling Lycanthrope,23500,100,0,0,0,0,0,150,0,0,0
Revenant,1150,10,10,10,10,0,10,10,10,10,100
Ribbon,120,100,100,100,100,0,100,100,100,100,100
Ridiculous Sweater,460,100,100,100,100,0,100,100,100,100,100
Rift Bio Engineer,980,10,10,10,10,0,10,10,10,10,100
Rift Guardian,1225,10,10,10,10,0,10,10,10,10,100
Rift Tiger,2000,10,10,10,10,0,10,10,10,10,100
Rifterranian,1250,10,10,10,10,0,10,10,10,10,100
Riftweaver,900,10,10,10,10,0,10,10,10,10,100
Riptide,3260,150,0,200,0,0,0,200,0,0,0
Robat,975,10,10,10,10,0,10,10,10,10,100
Rock Muncher,1145,100,0,0,0,0,100,100,100,0,0
Rockstar,3000,100,100,100,100,0,100,100,100,100,100
Rogue,600,25,25,25,25,25,200,25,100,100,0
Romeno,1,100,100,100,100,0,100,100,100,100,100
Romeo,3000,100,100,100,100,0,100,100,100,100,100
RR-8,7900,100,0,300,0,0,0,0,0,0,0
Rubble Rouser,4225,0,0,0,0,0,0,100,0,0,0
Rubble Rummager,3480,0,0,0,0,0,0,100,0,0,0
Ruffian,4001,0,0,0,0,0,0,0,0,200,0
S.N.O.W. Golem,10750,100,100,100,100,0,100,100,100,100,100
Saboteur,4500,0,0,0,100,0,0,0,0,0,0
Sacred Shrine,5200,300,200,200,200,25,75,200,75,0,0
Saloon Gal,3498,0,0,0,0,0,0,0,0,200,0
Salt Water Snapper,1650,0,0,0,175,0,100,0,100,0,0
Saltwater Axolotl,3990,0,0,0,100,0,0,0,0,0,0
Samurai,6630,0,0,0,0,0,100,0,175,0,0
Sand Cavalry,5500,0,0,0,75,0,75,0,100,0,0
Sand Colossus,5000,0,0,0,0,0,0,100,0,0,0
Sand Dollar Diver,3750,0,0,0,100,0,0,0,0,0,0
Sand Dollar Queen,4300,0,0,0,100,0,0,0,0,0,0
Sand Pilgrim,3000,0,0,0,0,0,0,100,0,0,0
Sandmouse,0,100,100,100,100,100,100,100,100,100,100
Sandwing Cavalry,6200,0,0,0,75,0,75,0,100,0,0
Sanguinarian,13601,100,0,300,0,0,0,0,0,0,0
Sarcophamouse,5000,0,0,0,0,0,0,100,0,0,0
Scarab,7998,0,0,0,0,0,0,100,0,0,0
Scarecrow,2645,0,0,0,0,0,0,200,100,0,0
Scavenger,5205,200,0,100,0,0,0,100,0,0,0
School of Mish,3930,0,0,0,100,0,0,0,0,0,0
Scorned Pirate,0,150,150,150,150,150,150,150,150,150,150
Scout,2200,0,0,0,175,0,100,0,100,0,0
Scrap Metal Monster,10000,0,0,0,100,0,0,0,0,0,0
Scribe,26999,0,0,0,0,0,300,0,275,0,0
Scrooge,1900,100,100,100,100,0,100,100,100,100,100
Scruffy,120,100,100,100,100,0,100,100,100,100,100
Seadragon,4900,0,0,0,100,0,0,0,0,0,0
Seer,7357,0,0,0,0,0,100,0,0,0,0
Sentient Slime,1750,0,0,0,0,0,0,0,0,0,100
Sentinel,4800,0,0,0,75,0,100,0,75,0,0
Serpent Monster,26599,0,0,0,100,0,0,0,0,0,0
Serpentine,7998,0,0,0,0,0,0,100,0,0,0
Shackled Servant,5800,0,0,0,0,0,0,0,0,0,200
Shade of the Eclipse,7000000,0,0,0,0,0,0,0,0,0,100000
Shadow Stalker,51990,0,0,50,0,0,0,0,0,0,0
Shaman,755,100,0,0,100,0,100,100,175,100,0
Shaolin Kung Fu,12375,0,0,0,0,0,0,0,0,0,200
Shard Centurion,1340,10,10,10,10,0,10,10,10,10,100
Sharpshooter,4999,0,0,0,0,0,0,0,0,200,0
Shattered Carmine,40000,0,0,0,100,0,0,0,0,0,0
Shattered Obsidian,8325,0,0,100,50,0,0,0,0,0,0
Shelder,1270,0,0,0,175,0,100,0,100,0,0
Shinobi,2910,0,0,0,0,0,0,0,0,0,100
Shipwrecked,1485,0,0,0,175,0,100,0,100,0,0
Shopkeeper,3001,0,0,0,0,0,0,0,0,200,0
Shortcut,0,100,100,100,100,100,100,100,100,100,100
Shroom,7000,0,0,0,100,0,0,0,0,0,0
Silth,60001,100,0,0,175,0,100,100,125,0,0
Silvertail,770,100,100,100,100,0,100,100,100,100,100
Sinister Egg Painter,1100,100,100,100,100,0,100,100,100,100,100
Sir Fleekio,16700,100,0,300,0,0,0,0,0,0,0
Siren,5508,0,0,0,175,0,100,0,100,0,0
Sizzle Pup,5725,0,100,0,0,0,0,0,0,0,0
Skeletal Champion,1550,0,0,0,0,0,0,0,0,0,100
Skeleton,3175,200,0,100,0,0,0,100,0,0,0
Slay Ride,1750,100,100,100,100,0,100,100,100,100,100
Slayer,14000,0,0,0,0,0,0,0,175,0,0
Sleepwalker,800,100,100,100,100,0,100,100,100,100,100
Sleepy Merchant,420,0,0,0,0,0,0,0,0,100,0
Slimefist,18500,0,0,0,100,0,0,0,0,0,0
Slope Swimmer,1200,100,100,100,100,0,100,100,100,100,100
Sludge,3900,0,0,0,100,0,0,0,0,0,0
Sludge Scientist,462,100,0,100,100,0,100,100,100,100,0
Sludge Soaker,7400,0,0,0,100,0,0,0,0,0,0
Sludge Swimmer,19000,0,0,0,100,0,0,0,0,0,0
Smoldersnap,7820,0,100,0,0,0,0,0,0,0,0
Snake Charmer,6351,0,0,0,0,0,300,0,300,300,0
Snooty,12240,100,100,100,100,0,100,100,100,100,100
Snow Boulder,55,100,100,100,100,0,100,100,100,100,0
Snow Bowler,6500,0,0,0,100,0,0,0,0,0,0
Snow Fort,4600,100,100,100,100,0,100,100,100,100,100
Snow Golem Architect,0,100,100,100,100,100,100,100,100,100,100
Snow Golem Jockey,0,100,100,100,100,100,100,100,100,100,100
Snow Scavenger,450,100,100,100,100,0,100,100,100,100,100
Snow Slinger,5400,0,0,0,100,0,0,0,0,0,0
Snow Sniper,5600,0,0,0,100,0,0,0,0,0,0
Snow Soldier,5200,0,0,0,100,0,0,0,0,0,0
Snow Sorceress,3800,100,100,100,100,0,100,100,100,100,100
Snowball Hoarder,210,100,100,100,100,0,100,100,100,100,0
Snowblind,5600,0,0,0,100,0,0,0,0,0,0
Snowblower,160,100,100,100,100,0,100,100,100,100,100
Snowflake,350,100,100,100,100,0,100,100,100,100,100
Snowglobe,300,100,100,100,100,0,100,100,100,100,100
Sock Puppet Ghost,210,25,25,25,25,25,100,25,100,0,0
Soldier of the Shade,350000,0,0,0,0,0,0,0,0,0,5000
Solemn Soldier,40602,100,0,300,0,0,0,0,0,0,0
Soothsayer,8469,0,0,0,175,0,0,0,0,0,0
Sorcerer,5208,200,0,100,0,0,0,100,0,0,0
Soul Binder,18501,100,0,5000,0,0,0,0,0,0,0
Spear Fisher,9850,0,0,0,100,0,0,0,0,0,0
Spectral Butler,0,150,150,150,150,150,150,150,150,150,150
Spectral Swashbuckler,0,150,150,150,150,150,150,150,150,150,150
Spectre,5210,200,0,100,0,0,0,100,0,0,0
Speedy,290,100,100,100,100,0,100,100,100,100,100
Spellbinder,4455,0,0,0,0,0,100,0,0,0,0
Spice Farmer,2455,100,0,0,0,0,0,0,0,0,0
Spice Finder,5575,100,0,0,0,0,0,0,0,0,0
Spice Merchant,13950,0,0,0,0,0,300,0,300,300,0
Spice Raider,3810,100,0,0,0,0,0,0,0,0,0
Spice Reaper,6700,100,0,0,0,0,0,0,0,0,0
Spice Seer,1873,100,0,0,0,0,0,0,0,0,0
Spice Sovereign,3080,100,0,0,0,0,0,0,0,0,0
Spider,5205,200,0,100,0,0,0,100,0,0,0
Spiked Burrower,5750,0,0,100,100,0,0,0,0,0,0
Spiky Devil,3000,0,0,0,0,0,0,100,0,0,0
Spirit Fox,1750,10,10,10,10,0,10,10,10,10,100
Spirit Light,600,150,150,150,150,150,150,150,150,150,150
Spirit of Balance,1500,10,10,10,10,0,10,10,10,10,100
Spiritual Steel,1340,10,10,10,10,0,10,10,10,10,100
Splintered Stone Sentry,7050,0,0,100,50,0,0,0,0,0,0
Spore,3000,0,0,0,100,0,0,0,0,0,0
Spore Muncher,5275,0,0,100,100,0,0,0,0,0,0
Spore Salesman,2200,100,100,0,0,0,0,100,0,0,0
Sporeticus,5175,0,0,100,100,0,0,0,0,0,0
Sporty Ski Instructor,0,100,100,100,100,100,100,100,100,100,100
Spotted,5,100,100,100,100,0,100,100,100,100,100
Spring Familiar,10500,0,0,0,0,0,200,0,125,0,0
Spring Sprig,0,100,100,100,100,100,100,100,100,100,100
Sprinkly Sweet Cupcake Cook,0,100,100,100,100,100,100,100,100,100,100
Spud,300,100,100,100,100,0,100,100,100,100,100
Squeaken,13250,0,0,0,175,0,100,0,100,0,0
Squeaker Bot,65,100,0,100,100,0,100,100,100,100,0
Squeaker Claws,3200,100,100,100,100,0,100,100,100,100,100
Stagecoach Driver,6999,0,0,0,0,0,0,0,0,200,0
Stalagmite,14799,0,0,200,0,0,0,0,0,0,0
Stealth,300,25,25,25,25,25,200,25,100,100,0
Steam Grip,23001,0,0,0,0,0,300,0,275,0,0
Steam Sailor,5365,0,100,0,0,0,0,0,0,0,0
Steel,595,100,100,100,100,0,100,100,100,100,100
Steel Horse Rider,4999,0,0,0,0,0,0,0,0,200,0
Stickybomber,4500,0,0,0,100,0,0,0,0,0,0
Stinger,13200,0,0,0,0,0,0,0,150,0,0
Stingray,4300,0,0,0,100,0,0,0,0,0,0
Stocking,3200,100,100,100,100,0,100,100,100,100,100
Stone Cutter,2100,100,0,0,0,0,100,100,100,0,0
Stone Maiden,3950,0,0,100,50,0,0,0,0,0,0
Stonework Warrior,20749,0,0,0,0,0,0,150,0,0,0
"Stormsurge, the Vile Tempest",63300,0,600,0,0,0,0,0,0,0,0
Stoutgear,4000,0,0,0,0,0,0,0,0,200,0
Stowaway,2501,0,0,0,0,0,0,0,0,200,0
Strawberry Hotcakes,4500,0,0,0,100,0,0,0,0,0,0
Stuck Snowball,0,100,100,100,100,100,100,100,100,100,100
Student of the Cheese Belt,6885,0,0,0,0,0,100,0,175,0,0
Student of the Cheese Claw,6885,0,0,0,0,0,100,0,175,0,0
Student of the Cheese Fang,6885,0,0,0,0,0,100,0,175,0,0
Student of the Chi Belt,15000,0,0,0,0,0,0,0,0,0,200
Student of the Chi Claw,15000,0,0,0,0,0,0,0,0,0,200
Student of the Chi Fang,15000,0,0,0,0,0,0,0,0,0,200
Stuffy Banker,4498,0,0,0,0,0,0,0,0,200,0
Subterranean,9500,100,0,0,0,0,100,100,100,0,0
Sugar Rush,3200,100,100,100,100,0,100,100,100,100,100
Summer Mage,19800,0,0,0,0,0,0,0,150,0,0
Summoning Scholar,7900,100,0,300,0,0,0,0,0,0,0
Sunken Banshee,9850,0,0,0,100,0,0,0,0,0,0
Sunken Citizen,3930,0,0,0,100,0,0,0,0,0,0
Super FighterBot MegaSupreme,3000,100,100,100,100,0,100,100,100,100,100
Super Mega Mecha Ultra RoboGold,2300,10,10,10,10,0,10,10,10,10,100
Supernatural,980,10,10,10,10,0,10,10,10,10,100
Supply Hoarder,4999,0,0,0,0,0,0,0,0,200,0
Supreme Sensei,404014,0,0,0,0,0,0,0,0,0,200
Surgeon Bot,975,10,10,10,10,0,10,10,10,10,100
Swabbie,570,0,0,0,175,0,100,0,100,0,0
Swamp Runner,2150,0,0,0,100,0,0,0,0,0,0
Swamp Thang,2400,100,100,100,100,0,100,100,100,100,100
Swarm of Pygmy Mice,3000,0,0,0,0,0,0,150,0,0,0
Swashblade,8709,0,0,0,100,0,0,0,0,0,0
Sylvan,200,100,0,0,100,0,100,100,175,100,0
Tadpole,5400,0,0,0,100,0,0,0,0,0,0
Taleweaver,2000,0,0,0,175,0,100,0,100,0,0
Tanglefoot,4420,0,0,0,0,0,200,0,125,0,0
Tech Golem,40602,100,0,300,0,0,0,0,0,0,0
Tech Ravenous Zombie,1100,10,10,10,10,0,10,10,10,10,100
Technic Bishop,10800,0,0,0,0,0,0,0,100,0,0
Technic King,38398,0,0,0,0,0,0,0,4000,0,0
Technic Knight,8596,0,0,0,0,0,0,0,100,0,0
Technic Pawn,1800,0,0,0,0,0,0,0,100,0,0
Technic Queen,22004,0,0,0,0,0,0,0,100,0,0
Technic Rook,18620,0,0,0,0,0,0,0,100,0,0
Teenage Vampire,0,100,100,100,100,100,100,100,100,100,100
Telekinetic Mutant,14498,0,0,0,100,0,0,0,0,0,0
Tentacle,12000,0,0,0,100,0,0,0,0,0,0
Terra,2200,100,100,100,100,25,75,400,75,0,0
Terrible Twos,300,25,25,25,25,200,25,25,25,100,25
Terrified Adventurer,100,0,0,0,0,0,0,0,0,0,150
Terror Knight,5750,200,0,100,0,0,0,100,0,0,0
The Menace,20001,0,0,0,100,0,0,0,0,0,0
The Total Eclipse,13500000,0,0,0,0,0,0,0,0,0,100000
Theurgy Warden,10498,0,0,0,75,0,100,0,75,0,0
Thirsty,999,0,0,0,100,0,0,0,0,0,0
Thistle,4000,0,0,0,100,0,0,0,0,0,0
Thorn,6000,0,0,0,100,0,0,0,0,0,0
Thunder Strike,1650,0,100,0,0,0,0,0,0,0,0
Thundering Watcher,16500,0,300,0,0,0,0,0,0,0,0
Thunderlord,13500,0,300,0,0,0,0,0,0,0,0
Tidal Fisher,2500,150,0,125,0,0,0,200,0,0,0
Tiger,6700,100,0,0,100,0,100,100,175,100,0
Time Punk,0,100,100,100,100,100,100,100,100,100,100
Time Tailor,0,100,100,100,100,100,100,100,100,100,100
Time Thief,0,100,100,100,100,100,100,100,100,100,100
Timeless Lich,9500,0,0,0,0,0,0,0,0,0,300
Timelost Thaumaturge,4700,0,0,0,0,0,0,0,0,0,200
Timeslither Pythoness,8800,0,0,0,0,0,0,0,0,0,200
Timid Explorer,3300,0,0,0,0,0,0,0,0,0,100
Tiny,7,100,100,100,100,0,100,100,100,100,100
Tiny Saboteur,1120,0,0,0,0,0,0,0,0,100,0
Tiny Toppler,2815,0,0,0,0,0,0,100,0,0,0
Titanic Brain-Taker,2500,100,100,100,100,0,100,100,100,100,100
Toboggan Technician,0,100,100,100,100,100,100,100,100,100,100
Tomb Exhumer,1100,100,100,100,100,0,100,100,100,100,200
Tome Sprite,6200,0,0,0,0,0,125,0,200,0,0
Tonic Salesman,4498,0,0,0,0,0,0,0,0,200,0
Totally Not Bitter,650,100,100,100,100,0,100,100,100,100,100
Toxic Avenger,2100,10,10,10,10,0,10,10,10,10,100
Toxic Warrior,17000,0,0,0,100,0,0,0,0,0,0
Toxikinetic,1700,10,10,10,10,0,10,10,10,10,100
Toy,55,100,100,100,100,0,100,100,100,100,100
Toy Sylvan,3,25,25,25,25,25,100,25,100,0,0
Toy Tinkerer,120,100,100,100,100,0,100,100,100,100,100
Trailblazer,2090,0,0,0,100,0,100,0,100,0,0
Train Conductor,3253,0,0,0,0,0,0,0,0,200,0
Train Engineer,3499,0,0,0,0,0,0,0,0,200,0
Trampoline,3000,100,100,100,100,0,100,100,100,100,100
Travelling Barber,3253,0,0,0,0,0,0,0,0,200,0
Treant,760,100,0,0,100,0,100,100,175,100,0
Treant Queen,1500,10,10,10,10,0,10,10,10,10,100
Treasure Brawler,27900,100,0,300,0,0,0,0,0,0,0
Treasure Hoarder,6549,0,0,0,100,0,0,0,0,0,0
Treasure Keeper,8600,0,0,0,100,0,0,0,0,0,0
Treasurer,4080,100,100,100,100,0,100,100,100,100,100
Treat,2000,100,100,100,100,0,100,100,100,100,100
Tree Troll,2000,10,10,10,10,0,10,10,10,10,100
Tri-dra,7500,10,10,10,10,0,10,10,10,10,100
Trick,2000,100,100,100,100,0,100,100,100,100,100
Tricky Witch,0,100,100,100,100,100,100,100,100,100,100
Triple Lutz,165,100,100,100,100,0,100,100,100,100,100
Tritus,68501,0,0,0,100,0,0,0,0,0,0
Troll,14460,100,0,0,100,0,100,175,100,0,0
Tumbleweed,2750,0,0,0,0,0,0,0,0,200,0
Tundra Huntress,0,100,100,100,100,100,100,100,100,100,100
Turret Guard,9850,0,0,0,100,0,0,0,0,0,0
Twisted Carmine,20001,0,0,0,100,0,0,0,0,0,0
Twisted Fiend,3000,150,0,125,0,0,0,200,0,0,0
Twisted Hotcakes,7501,0,0,0,100,0,0,0,0,0,0
Twisted Lilly,9499,0,0,0,100,0,0,0,0,0,0
Twisted Treant,1500,10,10,10,10,0,10,10,10,10,100
Undertaker,6999,0,0,0,0,0,0,0,0,200,0
Unwavering Adventurer,4800,0,0,0,0,0,0,0,0,0,175
Upper Class Lady,4498,0,0,0,0,0,0,0,0,200,0
Urchin King,11150,0,0,0,100,0,0,0,0,0,0
Vampire,2340,100,0,100,0,0,25,200,25,0,0
Vanguard,4100,0,0,0,75,0,100,0,75,0,0
Vanquisher,9319,0,0,0,175,0,0,0,0,0,0
Vaporior,10000,0,100,0,0,0,0,0,0,0,0
Vigilant Ward,5000,0,0,0,0,0,0,0,0,0,200
"Vincent, The Magnificent",0,100,100,100,100,100,100,100,100,100,100
Vinetail,18900,0,0,0,0,0,200,0,125,0,0
Violet Stormchild,2000,0,100,0,0,0,0,0,0,0,0
Walker,14751,0,0,0,0,0,125,0,250,0,0
Wandering Monk,15275,0,0,0,0,0,0,0,0,0,200
Warehouse Manager,4498,0,0,0,0,0,0,0,0,200,0
Warming Wyvern,7350,0,100,0,0,0,0,0,0,0,0
Warmonger,43007,75,0,0,75,0,100,0,75,0,0
Water Nymph,4280,0,0,0,175,0,100,0,100,0,0
Water Sprite,1750,10,10,10,10,0,10,10,10,10,100
Water Wielder,7500,0,0,0,100,0,0,0,0,0,0
Wave Racer,0,100,100,100,100,100,100,100,100,100,100
Wealth,1525,10,10,10,10,0,10,10,10,10,100
Wealthy Werewarrior,18900,100,0,0,0,0,0,150,0,0,0
Werehauler,17000,100,0,0,0,0,0,150,0,0,0
Wereminer,29001,100,0,0,0,0,0,150,0,0,0
Whelpling,1275,0,100,0,75,0,75,0,75,0,0
Whirleygig,2185,0,0,0,0,0,0,200,100,0,0
White,1,100,100,100,100,0,100,100,100,100,100
White Mage,5200,300,200,200,200,25,75,200,75,0,0
Wicked Witch of Whisker Woods,1270,100,0,0,100,0,100,100,175,100,0
Wiggler,90,100,0,0,100,0,100,100,175,100,0
Wight,13780,200,0,100,0,0,0,100,0,0,0
Wild Chainsaw,1800,100,100,100,100,0,100,100,100,100,100
Wind Warrior,21200,150,50,0,0,0,0,100,0,0,0
Wind Watcher,4100,150,50,0,0,0,0,100,0,0,0
Windy Farmer,2400,100,100,0,0,0,0,100,0,0,0
Winged Harpy,2500,10,10,10,10,0,10,10,10,10,100
Winter Games,2000,100,100,100,100,0,100,100,100,100,100
Winter Mage,21600,0,0,0,200,0,0,0,100,0,0
Withered Remains,29000,0,0,0,0,0,0,0,0,0,700
Wolfskie,5400,0,0,0,100,0,0,0,0,0,0
Wordsmith,2525,0,0,0,100,0,100,0,100,0,0
Worker,635,0,0,0,0,0,100,0,175,0,0
Wound Up White,1,25,25,25,25,25,100,25,100,0,0
Wreath Thief,2300,100,100,100,100,0,100,100,100,125,100
Yeti,6500,0,0,0,100,0,0,0,0,0,0
Young Prodigy Racer,0,100,100,100,100,100,100,100,100,100,100
Zephyr,4100,100,100,100,100,25,75,400,75,0,0
Zombie,920,100,0,100,0,0,25,200,25,0,0
Zombot Unipire,370,100,100,100,100,0,100,100,100,100,100
Zombot Unipire the Third,1000,10,10,10,10,0,10,10,10,10,100
Zurreal the Eternal,73001,0,0,0,0,0,0,0,5500,0,0